vendor,vendor_product_count,has_collection,collection_name,collection_product_count
Abbott Doormat,4,False,false,false
Accord Lighting,124,False,false,false
Alora,421,False,false,false
Amour Perdu,1,False,false,false
Armac Martin,573,True,Armac Martin,573
Artcraft,358,True,Artcraft,358
Arteriors,1339,True,Arteriors,1339
Atlas Homeware,177,False,false,false
Avenue Lighting,154,True,Avenue Lighting,154
Belwith-Keeler,121,False,false,false
Bethel,1632,True,Bethel,1632
Bromic,81,True,Bromic,81
Buster & Punch,83,False,false,false
CARPMULDES,1,False,false,false
Capital Lighting,623,True,Capital Lighting,623
Chilewich,64,True,Chilewich,64
Colore,6,True,Colore,6
Corbett,343,True,Corbett,343
Crystorama,528,True,Crystorama,528
Currey & Company,1420,True,Currey & Company,1420
DVI,515,False,false,false
Dainolite,560,True,Dainolite,560
Dals,158,False,false,false
Dr Vranjes,6,False,false,false
ET2,465,True,ET2,465
Eglo,772,True,Eglo,772
Emtek,73,True,Emtek,73
Eurofase,1245,True,Eurofase,1245
Fredrick Ramond,132,True,Fredrick Ramond,132
Global Views,1704,True,Global Views,1704
Harman,2,False,false,false
Hickory Hardware,368,False,false,false
Hinkley,919,False,false,false
Hubbardton Forge,479,True,Hubbardton Forge,479
Hudson Valley,1066,True,Hudson Valley,1066
Interdesign,43,False,false,false
Izipizi,13,True,Izipizi,13
Kendal,185,True,Kendal,185
Kichler,1115,True,Kichler,1115
Kuzco,546,True,Kuzco,546
Lady Sandra,9,False,false,false
Legrand,125,True,Legrand,125
Lib & Co.,103,True,Lib & Co.,103
Liteline,2,False,false,false
Loloi,2975,True,Loloi,2975
Lothantique,19,True,Lothantique,19
Luminaire Authentik,14,False,false,false
Lutron,59,True,Lutron,59
Made Goods,214,True,Made Goods,214
Marcotterie,2,True,Marcotterie,2
Matteo,439,True,Matteo,439
Maxim,1037,True,Maxim,1037
Mitzi,658,False,false,false
Modern Forms,403,True,Modern Forms,403
Modern Forms Fans,62,False,false,false
Moe's,1023,True,Moe's,1023
Mullan,901,False,false,false
NACH,1,False,false,false
Nuevo,4,True,Nuevo,4
Pablo Designs,75,True,Pablo Designs,75
Palecek,247,True,Palecek,247
Progress,1041,True,Progress,1041
Quoizel,981,True,Quoizel,981
Regina Andrew,470,True,Regina Andrew,470
Renwil,1046,False,false,false
Richelieu,3,False,false,false
Satco,2845,False,false,false
Savoy House,1167,True,Savoy House,1167
Schaub,71,False,false,false
Schonbek,333,True,Schonbek,333
Schonbek Forever,32,False,false,false
Standard,50,False,false,false
Studio M,116,True,Studio M,116
Surya,662,False,false,false
Top Knobs,434,True,Top Knobs,434
Torre & Tagus,1,False,false,false
Troy Lighting,855,False,false,false
Union Furniture,33,False,false,false
Union Lighting,417,False,false,false
Union Lighting & Decor,47,False,false,false
Union Lighting & DÃ©cor,16,False,false,false
Union Luminaires b2b,36,False,false,false
UnionBO,16,False,false,false
Uttermost,2337,True,Uttermost,2337
Vinci,221,False,false,false
Visual Comfort Fan,93,False,false,false
Visual Comfort Modern,413,True,Visual Comfort Modern,413
Visual Comfort Signature,1431,True,Visual Comfort Signature,1431
Visual Comfort Studio,1158,True,Visual Comfort Studio,1158
WAC,840,True,WAC,840
Wool Shop,4,False,false,false
Z-Lite,812,True,Z-Lite,812
Zafferano,58,True,Zafferano,58
Zodax,78,True,Zodax,78
rBamboo,9,False,false,false
rbamboo,1,False,false,false
